unicode,latex
00020,"\space"
00023,"\#"
00024,"\textdollar"
00025,"\%"
00026,"\&"
00027,"\textquotesingle"
0002A,"\ast"
0005C,"\textbackslash"
0005E,"\^{}"
0005F,"\_"
00060,"\textasciigrave"
0007B,"\lbrace"
0007C,"\vert"
0007D,"\rbrace"
0007E,"\textasciitilde"
000A1,"\textexclamdown"
000A2,"\textcent"
000A3,"\textsterling"
000A4,"\textcurrency"
000A5,"\textyen"
000A6,"\textbrokenbar"
000A7,"\textsection"
000A8,"\textasciidieresis"
000A9,"\textcopyright"
000AA,"\textordfeminine"
000AB,"\guillemotleft"
000AC,"\lnot"
000AD,"\-"
000AE,"\textregistered"
000AF,"\textasciimacron"
000B0,"\textdegree"
000B1,"\pm"
000B2,"{^2}"
000B3,"{^3}"
000B4,"\textasciiacute"
000B5,"\mathrm{\mu}"
000B6,"\textparagraph"
000B7,"\cdot"
000B8,"\c{}"
000B9,"{^1}"
000BA,"\textordmasculine"
000BB,"\guillemotright"
000BC,"\textonequarter"
000BD,"\textonehalf"
000BE,"\textthreequarters"
000BF,"\textquestiondown"
000C0,"\`{A}"
000C1,"\'{A}"
000C2,"\^{A}"
000C3,"\笼鞍懊船④Ⅺ笼鞍懊惮④亮鞍懊冬④僚鞍懊番④沱谬鞍懊脯④帑琵鞍懊宫④琵鞍懊连④摞琵鞍懊卢④Ⅺ琵鞍懊矛④帑升鞍懊默④升鞍懊努④摞升鞍懊片④Ⅺ升鞍澳艾④娜鞍澳爆④锡鞍澳铂④帑淆鞍澳超④淆鞍澳船④摞淆鞍澳惮④淆鞍澳冬④Ⅺ淆鞍澳番④翦趑轫弩鞍澳脯④息鞍澳宫④帑正鞍澳连④正鞍澳卢④摞正鞍澳矛④Ⅺ正鞍澳默④冽鞍澳努④匀鞍澳片④篌鞍芭艾④帑猃鞍芭爆④猃鞍芭铂④摞猃鞍芭超④猃鞍芭船④Ⅺ猃鞍芭惮④後鞍芭冬④徨鞍芭番④沱泯鞍芭脯④帑妪鞍芭宫④妪鞍芭连④摞妪鞍芭卢④Ⅺ妪鞍芭矛④帑荛鞍芭默④荛鞍芭努④摞荛鞍芭片④Ⅺ荛鞍捌艾④滂鞍捌爆④铨鞍捌铂④帑稞鞍捌超④稞鞍捌船④摞稞鞍捌惮④稞鞍捌冬④Ⅺ稞鞍捌番④溟觫鞍捌脯④铫鞍捌宫④帑觚鞍捌连④觚鞍捌卢④摞觚鞍捌矛④Ⅺ觚鞍捌默④鞍捌努④翳鞍捌片④Ⅺ鞍卑艾④禁笼鞍卑爆④禁猃鞍卑铂④觖笼鞍卑超④觖猃鞍卑船④臌笼鞍卑惮④臌猃鞍卑冬④谬鞍卑番④泯鞍卑脯④摞谬鞍卑宫④摞泯鞍卑连④谬鞍卑卢④泯鞍卑矛④鳆谬鞍卑默④鳆泯鞍卑努④鳆凝鞍卑片④鳆潺鞍北艾④氖鞍北爆④潢鞍北铂④禁琵鞍北超④禁妪鞍北船④觖琵鞍北惮④觖妪鞍北冬④琵鞍北番④妪鞍北脯④臌琵鞍北宫④臌妪鞍北连④鳆琵鞍北卢④鳆妪鞍北矛④摞驱鞍北默④摞琮鞍北努④觖驱鞍北片④觖琮鞍辈艾④驱鞍辈爆④琮鞍辈铂④沱驱鞍辈超④沱琮鞍辈船④摞三鞍辈惮④摞椠鞍辈冬Ⅺ苕镱翦钽镤轭琨膛塘荏屐邈翩镱糗汨狎窗鞍辈番④澎琚鞍辈脯④升鞍辈宫④荛鞍辈连④禁升鞍辈卢④禁荛鞍辈矛④觖升鞍辈默④觖荛鞍辈努④臌升鞍辈片④臌辇鞍背艾④升鞍背爆④棰鞍背铂⑸盛鞍背超㈤辎鞍背船④摞数鞍背惮④摞荜鞍背冬④沱她鞍背番④沱臊鞍背脯Ⅺ苕镱翦钽镤轭琨膛塘荏屐邈翩镱糗汨狎贡鞍背宫④听鞍背连④忑鞍背卢④沱听鞍背矛④沱忑鞍背默④鳆听鞍背努④鳆忑鞍背片Ⅺ苕镱翦钽镤轭琨膛塘荏屐邈翩镱糗汨狎舶饼鞍贝艾Ⅺ苕镱翦钽镤轭琨膛塘荏屐邈翩镱糗汨狎舶昌鞍贝爆④挞鞍贝铂④膦鞍贝超④锡鞍贝船④铨鞍贝惮④沱锡鞍贝冬④沱铨鞍贝番④鳆锡鞍贝脯④鳆铨鞍贝宫ь鞍贝连④吻鞍贝卢④铉鞍贝矛④禁淆鞍贝默④禁稞鞍贝努④觖淆鞍贝片④觖稞鞍钡艾④塞淆鞍钡爆④塞稞鞍钡铂④吓鞍钡超④镥鞍钡船④引鞍钡惮④螨鞍钡冬④沱引鞍钡番④沱螨鞍钡脯④鳆引鞍钡宫④鳆螨鞍钡连④育鞍钡卢④簖鞍钡矛④摞育鞍钡默④摞簖鞍钡努④沱育鞍钡片④沱簖鞍倍艾④鳆育鞍倍爆④鳆簖鞍倍铂④沱札鞍倍超④沱酏鞍倍船④鳆札鞍倍惮④鳆酏鞍倍冬Ⅺ苕镱翦钽镤轭琨膛塘荏屐邈翩镱糗汨狎捶鞍倍番Ⅺ苕镱翦钽镤轭琨膛塘荏屐邈翩镱糗汨狎冻鞍倍脯④正鞍倍宫④觚鞍倍连④禁正鞍倍卢④禁觚鞍倍矛④觖正鞍倍默④觖觚鞍倍努④螓正鞍倍片④螓觚鞍狈艾④塞正鞍狈爆④塞觚鞍狈铂④臌正鞍狈超④臌觚鞍狈船④摞鞍狈惮④摞鼾鞍狈冬④摞冽鞍狈番④摞鞍狈脯④Ⅺ冽鞍狈宫④邶鞍狈连④鞍狈卢④邶鞍狈矛④鞍狈默④鳆邶鞍狈努④鳆鞍惫惮④翦翳鲮殓鞍惫努④翦纛蜢彗鞍绷连④弭琚鞍甭连Ⅺ苕镱翦钽镤轭琨膛塘荏屐邈翩镱糗汨狎惫谍鞍泵铂④翦翡秕忪屦轲澧鞍逼惮④琮鞍驳艾④澎趄钺鞍驳铂④澎趄铙幄鞍驳船④澎镳孱铫鞍驳冬④澎螋熹鞍驳脯Ⅺ苕镱翦钽镤轭琨膛尚荏屐邈翩镱糗汨狎侗鞍驳宫④澎筱梓幄鞍驳卢④鲠蝈痼殪镱鞍捕超④澎痃犴磲鞍捕船④澎疴玑恝鞍捕惮④澎趄铊鞍捕矛④澎怍潇鞍捕默④澎螋祆鞍捕片④澎趄铐鞍卜艾④澎趄铐祢鞍卜爆④澎祠祉颌鞍卜铂④澎祠祛鞍卜超④澎螋祛鞍卜番④澎沆镯彗鞍卜脯④翦麴栝鞍卜宫④澎趄铗鞍卜连④澎趄铗膦鞍卜卢④澎螋趄铗鞍卜矛④澎蜢鞍卜默④澎螋祢鞍卜努④澎骅颌鞍卜片Ⅺ苕镱翦钽镤轭琨膛尚荏屐邈翩镱糗汨狎舶昌鞍哺铂④澎螋祗鞍哺超④澎弩琚鞍哺番④澎趄铘鞍哺脯④澎螋祠鞍哺连④澎瘐痼殪鞍哺卢④澎痼泸觫鞍哺矛④澎轭鲻鞍哺默④澎轭鲼鞍哺努④澎趄铢鞍补艾④澎螋禚鞍补铂④澎镧琚鞍补船④澎珈篝鞍补惮④澎蝈珈篝鞍补冬④澎轭珈篝鞍补努④翦趑躜铍鞍擦船④澎澌镧琚鞍擦番④澎翦箬鞍裁番④翦翎筱殚汜蝻睥鞍裁脯④澎鲥螋螈鞍裁矛④澎鲥螋棰鞍材艾④澎祉螂鞍材爆④澎桁眚擘鞍材铂④澎筲蜩颌鞍材超④澎筲扈颌鞍材船④澎蜥轶鞍材惮④澎祜鳍鞍材脯④翦翎筱殚怛弼澧鞍材宫④翦麴弪轱溷孱翦蝈洧鞍材连④螓鞍材卢④臌鞍材矛④翦趑殪溴祜鳍鞍材默④塞鞍才惮④麸铄档鞍才冬④麸铄创鞍才番④麸铄吵鞍才脯④麸铄膊鞍才宫④麸铄北鞍嘲艾④啖鞍嘲爆④Б鞍嘲铂④蔻鞍嘲超④鞍嘲船④舰鞍嘲冬④酡鞍嘲番④鞍嘲脯④鞍嘲连④颌鞍嘲卢④娶鞍嘲矛④觫鞍嘲片④泫蜚栳蜍芒鞍潮爆Ⅺ苕镱翦钽镤轭琨膛孟荏屐邈翩镱糗汨狎狈俘鞍潮脯Ⅺ苕镱翦钽镤轭琨膛孟荏屐邈翩镱糗汨狎备待鞍潮宫Ⅺ苕镱翦钽镤轭琨膛孟荏屐邈翩镱糗汨狎备谍鞍巢爆④澎疳扈鞍巢铂④澎蜩鞍巢番④恽鞍巢脯④擘鞍巢连④澎筲怛纰鞍巢卢Ⅺ苕镱翦钽镤轭琨膛孟荏屐邈翩镱糗汨狎舶除鞍巢片Ⅺ苕镱翦钽镤轭琨膛孟荏屐邈翩镱糗汨狎舶俘鞍吵惮④澎膦鞍吵冬④澎忉颌鞍吵番Ⅺ苕镱翦钽镤轭琨膛孟荏屐邈翩镱糗汨狎脖谍鞍吵脯Ⅺ苕镱翦钽镤轭琨膛孟荏屐邈翩镱糗汨狎脖洱鞍吵连Ⅺ苕镱翦钽镤轭琨膛孟荏屐邈翩镱糗汨狎脖庚鞍吵卢Ⅺ苕镱翦钽镤轭琨膛孟荏屐邈翩镱糗汨狎脖过鞍吵矛Ⅺ苕镱翦钽镤轭琨膛孟荏屐邈翩镱糗汨狎膊褒鞍吵默Ⅺ苕镱翦钽镤轭琨膛孟荏屐邈翩镱糗汨狎膊饼鞍扯爆Ⅺ苕镱翦钽镤轭琨膛孟荏屐邈翩镱糗汨狎膊谍鞍掣冬④笼鞍掣脯④琵鞍掣宫④三鞍掣连④升鞍掣矛④息鞍掣努④磲翳蝽з鞍掣片④磲翳蝽к享彗猃鞍彻艾④徙豸妍茕滹酐荛雉猃鞍彻爆④领痂幄鞍彻铂④洛翎鞍彻超④轻眄幄鞍彻船④腻祠幄鞍彻惮④硼箝祜睥鞍彻冬④阱翎鞍彻番④鹏幄鞍彻脯④澡弭幄鞍彻宫④娠翎鞍彻连④酸痧幄鞍彻卢④提礅溽鞍彻努④亻鞍沉艾④虚鞍沉爆④诣铫鞍沉超④娱珥幄鞍沉船④葬酡鞍沉惮④震箝祜睥鞍沉冬④需棰鞍沉番④描棰鞍沉脯④畜棰鞍沉宫④享彗幄鞍沉连④磲翳蝽茕滹酐升鞍沉卢④磲翳蝽茕滹酐冽鞍沉矛④ぼ犰痂幛鞍沉默④徙豸妍苠痼殪镱鞍沉努④徙豸妍苠翎鞍沉片④徙豸妍荛雉猃鞍陈艾④徙豸妍茕滹酐荃痼殪镱鞍陈爆④犰痂幄鞍陈铂④忮翎鞍陈超④玑眄幄鞍陈船④溴祠幄鞍陈惮④屦箝祜睥鞍陈冬④弭幄鞍陈番④弭幄鞍陈脯④翦趑桢翎鞍陈宫④轱翎鞍陈连④脶痧幄鞍陈卢④灬礅溽鞍陈矛④眭鞍陈默④铛鞍陈努④棰鞍趁艾④痖鞍趁爆④蜩铫鞍趁铂④鲠蝮殓磲鞍趁超④箝珥幄鞍趁船④翎酡鞍趁惮④躔箝祜睥鞍趁冬④鲠蝠栝鞍趁番④汨棰鞍趁脯④痼棰鞍趁宫④镯彗幄鞍趁连④滗雉荛雉猃鞍趁卢④滗雉荃痼殪镱鞍趁矛④稞鞍趁默④徙豸妍荃痼殪镱鞍趁努④徙豸妍茱礤玑鞍衬艾④虚簌礅镬痧榘膊阜鞍衬爆④翦赧狎翳弭幄鞍衬铂④震箝祜睥鞍衬惮④痂棰鞍衬冬④鲠蝠棰鞍衬连④郁殓磲鞍衬矛④拈玑眄幄鞍衬默④溟玑眄幄鞍衬努④孙痧幄鞍撑艾④俞眇棰鞍称艾④鲠螂狃疳鞍称爆④鲠蝌栾鞍称船④翦粼桢翎鞍称冬④忉汶屦箝祜睥鞍窗爆④泫蜚栳蜍觅屹息鞍窗铂④泫蜚栳蜍觅夷逝鞍窗超④泫蜚栳螓堙苊僖驱鞍窗船④泫蜚栳蜍觅疑泞鞍窗惮④泫蜚栳蜍觅夷谂鞍窗冬④泫蜚栳蜍觅疑散鞍窗番④泫蜚栳蜍觅屹散鞍窗脯④泫蜚栳蜍觅沂泞鞍窗宫④泫蜚栳蜍觅姨逝鞍窗连④泫蜚栳蜍觅椅逝鞍窗卢④泫蜚栳蜍觅以尤泞鞍窗矛④泫蜚栳螓堙苊僖她鞍窗努④泫蜚栳蜍觅艺尤以鞍窗片④泫蜚栳蜍觅夷谌泞鞍幢艾④泫蜚栳蜍觅伊鞍幢爆④泫蜚栳蜍觅衣鞍幢铂④泫蜚栳蜍觅抑鞍幢超④泫蜚栳蜍觅仪鞍幢船④泫蜚栳蜍觅夷鞍幢惮④泫蜚栳蜍觅遗鞍幢冬④泫蜚栳蜍觅亿娶鞍幢番④泫蜚栳蜍觅亿鞍幢脯④泫蜚栳蜍觅疑鞍幢宫④泫蜚栳蜍觅疑尤以鞍幢连④泫蜚栳蜍觅宜鞍幢卢④泫蜚栳蜍觅姨鞍幢矛④泫蜚栳蜍觅彝鞍幢默④泫蜚栳蜍觅椅鞍幢努④泫蜚栳蜍觅蚁鞍幢片④泫蜚栳蜍觅倚鞍床艾④泫蜚栳蜍觅乙鞍床爆④泫蜚栳蜍觅矣鞍床铂④泫蜚栳蜍觅以鞍床超④泫蜚栳蜍觅艺鞍床船④泫蜚栳蜍觅移鞍床惮④泫蜚栳蜍觅胰鞍床冬④泫蜚栳蜍觅颐鞍床番④泫蜚栳蜍觅颐娶鞍床脯④泫蜚栳蜍觅矣娶鞍床宫④泫蜚栳蜍觅矣让娶鞍床连④泫蜚栳蜍觅胰夷游鞍床卢④泫蜚栳蜍觅遗屹鞍床矛④泫蜚栳蜍觅矣圃游鞍床默④泫蜚栳蜍觅遗遗症鞍床努④泫蜚栳蜍觅屹闸鞍床片④泫蜚栳蜍觅屹立鞍闯艾④泫蜚栳蜍泫蜥鞍闯爆④泫蜚栳蜍泫蜮鞍闯铂④泫蜚栳蜍泫蝣鞍闯超④泫蜚栳蜍泫蜱鞍闯船④泫蜚栳蜍泫蜾鞍闯惮④泫蜚栳蜍泫蝈鞍闯冬④泫蜚栳蜍泫蝥琚鞍闯番④泫蜚栳蜍泫蝥鞍闯脯④泫蜚栳蜍泫蜷鞍闯宫④泫蜚栳蜍泫蜷箬螋鞍闯连④泫蜚栳蜍泫螂鞍闯卢④泫蜚栳蜍泫蜢鞍闯矛④泫蜚栳蜍泫蝽鞍闯默④泫蜚栳蜍泫蝾鞍闯努④泫蜚栳蜍泫蝻鞍闯片④泫蜚栳蜍泫蝠鞍创艾④泫蜚栳蜍泫蝌鞍创爆④泫蜚栳蜍泫蝮鞍创铂④泫蜚栳蜍泫螋鞍创超④泫蜚栳蜍泫蝓鞍创船④泫蜚栳蜍泫蜴鞍创惮④泫蜚栳蜍泫蜩鞍创冬④泫蜚栳蜍泫蜚鞍创番④泫蜚栳蜍泫蜚琚鞍创脯④泫蜚栳蜍泫蝮琚鞍创宫④泫蜚栳蜍泫蝮桡琚鞍创连④泫蜚栳蜍泫蜩蜾箢鞍创卢④泫蜚栳蜍泫蝈蝙鞍创矛④泫蜚栳蜍泫蝮骠箢鞍创默④泫蜚栳蜍泫蝈蝈觫鞍创努④泫蜚栳蜍泫蝙酡鞍创片④泫蜚栳蜍泫蝙幄鞍吹爆④泫蜚栳蜍泫蝙铫鞍吹铂④泫蜚栳蜍泫蜾赍鞍吹超④泫蜚栳螓堙茔蜱鞍吹船④泫蜚栳蜍泫蜷澧鞍吹惮④泫蜚栳蜍泫蜾澧鞍吹冬④泫蜚栳蜍泫蜷棰鞍吹番④泫蜚栳蜍泫蝙棰鞍吹脯④泫蜚栳蜍泫蜿澧鞍吹宫④泫蜚栳蜍泫蜢赍鞍吹连④泫蜚栳蜍泫蝾赍鞍吹卢④泫蜚栳蜍泫螋箬澧鞍吹矛④泫蜚栳螓堙茔螂鞍吹努④泫蜚栳蜍泫蝓箬螋鞍吹片④泫蜚栳蜍泫蜾桢鞍炊艾④泫蜚栳蜍觅蚁团橇鞍炊爆④泫蜚栳蜍泫蝻礤玑鞍炊铂④泫蜚栳蜍觅屹猎鞍炊船④泫蜚栳蜍觅疑显泞鞍炊惮④泫蜚栳蜍泫蜷雉澧鞍炊冬④泫蜚栳蜍觅姨僬英鞍炊番④泫蜚栳蜍泫蜢躞鞍炊脯④泫蜚栳蜍觅疑显藤沼鞍炊宫④泫蜚栳蜍泫蜷雉禊躞鞍炊连④泫蜚栳蜍觅衣僬英鞍炊矛④泫蜚栳蜍觅疑显沦沼鞍炊默④泫蜚栳蜍泫蜷雉怡躞鞍炊努④泫蜚栳蜍觅宜由鞍炊片④泫蜚栳蜍泫螂箝鞍捶艾④泫蜚栳蜍觅倚由鞍捶爆④泫蜚栳蜍泫蝠箝鞍捶铂④泫蜚栳蜍觅移稍立鞍捶船④泫蜚栳蜍觅疑谌鞍捶脯④泫蜚栳蜍觅艺刷鞍捶宫④泫蜚栳蜍泫蝓擘鞍捶连④泫蜚栳蜍觅蚁团橇椅蘑鞍捶卢④泫蜚栳蜍泫蝻礤玑蝾洧鞍捶矛④泫蜚栳蜍觅蚁团橇陨蕴息鞍捶默④泫蜚栳蜍泫蝻礤玑糸綮铫鞍捶努④泫蜚栳蜍觅蚁寓鞍捶片④泫蜚栳蜍泫蝻簪鞍锤艾④泫蜚栳蜍觅宜闲辛鞍锤爆④泫蜚栳蜍泫螂镳疳鞍锤铂④泫蜚栳蜍泫螋栾躞犷潴鞍锤脯④泫蜚栳蜍泫蜩躅潋邃翳秕筢钿螈鞍锤宫④泫蜚栳蜍泫蝽殪扉镱螈鞍锤矛④泫蜚栳蜍觅矣磐捎圃游鞍锤默④泫蜚栳蜍泫蝮屙轶骠箢鞍锤努④泫蜚栳蜍觅乙陨盟鞍锤片④泫蜚栳蜍泫蝌糸汶鞍垂艾④泫蜚栳蜍觅仪招鞍垂爆④泫蜚栳蜍泫蜱躔鞍垂铂④泫蜚栳蜍觅仪让矣鞍垂超④泫蜚栳蜍泫蜱桡蝮鞍垂船④泫蜚栳蜍觅仪人鞍垂惮④泫蜚栳蜍泫蜱桦鞍垂冬④泫蜚栳蜍觅亿饶用鞍垂番④泫蜚栳蜍泫蝥桎筱鞍垂脯④泫蜚栳蜍觅亿挠芒鞍垂宫④泫蜚栳蜍泫蝥潴恽鞍垂连④泫蜚栳蜍觅宜挠芒鞍垂卢④泫蜚栳蜍泫螂潴恽鞍垂矛④泫蜚栳蜍觅宜置矣鞍垂默④泫蜚栳蜍泫螂鲢蝮鞍垂努④泫蜚栳蜍觅宜让矣鞍垂片④泫蜚栳蜍泫螂桡蝮鞍戳艾④泫蜚栳蜍觅宜屡了鞍戳爆④泫蜚栳蜍泫螂忮犭鞍戳铂④泫蜚栳蜍觅椅挠芒鞍戳超④泫蜚栳蜍泫蝾潴恽鞍戳船④泫蜚栳蜍觅椅洽鞍戳惮④泫蜚栳蜍泫蝾纰鞍戳冬④泫蜚栳蜍觅倚人鞍戳番④泫蜚栳蜍泫蝠桦鞍戳脯④泫蜚栳蜍觅伊氯攘鞍戳宫④泫蜚栳蜍泫蜥忤栳鞍戳连④泫蜚栳蜍觅矣挠芒鞍戳卢④泫蜚栳蜍泫蝮潴恽鞍戳矛④泫蜚栳蜍觅以挠芒鞍戳默④泫蜚栳蜍泫螋潴恽鞍戳努④泫蜚栳蜍觅屹鞍戳片④泫蜚栳蜍泫蝙鞍绰艾④泫蜚栳蜍觅屹让矣鞍绰爆④泫蜚栳蜍泫蝙桡蝮鞍绰铂④泫蜚栳蜍觅胰挠芒鞍绰超④泫蜚栳蜍泫蜩潴恽鞍绰船④泫蜚栳蜍觅以旁优鞍绰惮④泫蜚栳蜍泫螋弭箦鞍绰冬④泫蜚栳蜍觅颐纫挠芒鞍绰番④泫蜚栳蜍泫蜚栩潴恽鞍绰脯④泫蜚栳蜍觅颐戎靡英鞍绰宫④泫蜚栳蜍泫蜚桷泸螈鞍绰连④泫蜚栳蜍觅矣热立鞍绰卢④泫蜚栳蜍泫蝮梃幄鞍绰矛④泫蜚栳蜍觅伊氯萌鞍绰默④泫蜚栳蜍泫蜥忤汨鞍绰努④泫蜚栳蜍觅伊氯萌挠芒鞍绰片④泫蜚栳蜍泫蜥忤汨潴恽鞍疵艾④泫蜚栳蜍觅茵犰镢桦幄鞍疵超④泫蜚栳蜍觅宜人鞍疵船④泫蜚栳蜍泫螂桦鞍疵番④泫蜚栳蜍觅椅人鞍疵脯④泫蜚栳蜍泫蝾桦鞍疵卢④泫蜚栳蜍觅颐忍挠芒鞍疵矛④泫蜚栳蜍泫蜚桁潴恽鞍茨船④泫蜚栳蜍觅伊泞鞍茨惮④泫蜚栳蜍泫蜥澧鞍茨脯④泫蜚栳蜍觅矣萌琢鞍茨宫④泫蜚栳蜍泫蝮汨麽鞍磁艾④泫蜚栳蜍觅伊氯内泞鞍磁爆④泫蜚栳蜍泫蜥忤潸澧鞍磁脯④泫蜚栳蜍觅蚁蕴蘑鞍磁宫④泫蜚栳蜍泫蝻綮洧安鞍铂④梵疳沐爱跺睚安鞍超④梵疳沐卞睚安鞍船④梵疳沐爱吵屙安鞍惮④梵疳沐爱驳屙安鞍冬④梵疳沐爱倍跺睚安鞍番④桊栳铘镯褒安鞍脯④桊栳铘镯安鞍宫④梵疳沐爱倍峰睚安鞍弓安鞍镰安鞍连④虎安鞍连④黼弪畋眭安氨超④翦翦钿狍琚安氨船④翦翦礓狍琚安氨惮④蝓戾卞睚别酏安氨冬④皱螋安氨卢④澎蝈狃矬安氨矛④翦赳躏翦溻祆彐簪安氨默④翦赳躏翦溻祢殓梏安氨努安安艾④翦翡徵珏颌安安爆④翦翡徵珏蜾忪安安铂④翦翕蹯戾簪安安惮安安冬④熹雉螈安俺艾④翦麴弪翳秕筢钿安俺爆④翦麴弪翦铘栾躞犷洧安俺铂Ⅺ安俺超ⅪЁ安俺船ⅪЁ安俺惮④忉汶痱轫澧安俺宫④珲殪箝铉祆彐簪安俺连④珲殪箝铉祢殓梏安暗番ЁЁ安暗片④黼弪畲眭安岸艾④铒扉铄怛遽擘安傲番④孱篚蝈磲翳芘禚疱簖安傲矛④礅秫荇屮翦躜稞安澳卢④滗滹簪安澳矛④滗滗雉安卑铂④磲翳忖谬安卑连④磲翳筱螓琮安卑卢④磲翳筱螓三安卑矛④磲翳骝犭三安卑默④磲翳忖三安卑片④梵灬箬安北艾④磲翳筱螓升安北爆④磲翳骝犭升安北铂④磲翳筱螓听安北超④磲翳筱螓忑安北惮④磲翳忖锡安北冬④泫蜚栳蜍翦纛蹴弪铫安北脯④黟安北宫④磲翳忖旋安北连④磲翳忖妖安北卢④磲翳筱螓引安北矛④磲翳骝犭引安北默④磲翳忖引安北努④澎蜥簪安辈铂④翦趑蜥溴磲螂安辈船④磲翳忖邶安辈冬④享彗幄安辈番④龛铫安辈脯④磲翳骝犭邶安辈宫④澎箦鲩弪庆痂脖补安辈卢④亮安辈矛④磲翳筱螓慢安辈默④磲翳骝犭谬安辈片④磲翳筱螓妪安背艾④磲翳筱螓琵安背爆④磲翳筱螓讫安背超④磲翳筱螓妄安背船④磲翳筱螓稞安背惮④犰屦琚安背冬④忮翳安背番④玳礤膦安背脯④溽戾翳安钡超④翦翩蜥沱饼除安钡船④翦翩蜥沱昌除安钡惮④翦翩蜥沱饼谍安钡冬④翦翩蜥沱昌谍安钡番④翦翩蜥沱除谍安钡脯④翦翩蜥沱待谍安钡宫④翦翩蜥沱饼洱安钡连④翦翩蜥沱谍洱安钡卢④翦翩蜥沱饼庚安钡矛④翦翩蜥沱除庚安钡默④翦翩蜥沱谍庚安钡努④翦翩蜥沱俘庚安惫艾④戾骠狎蝻鳍安惫爆④躔狎蝻鳍安惫铂④蜷玷翎蝌秣安惫超④滹黝狎蝻鳍安惫船④戾骠蜷玷翎蝌秣安惫惮④躔滹黝狎蝻鳍安惫冬④铟狎蝻鳍安惫番④铄狎蝻鳍安惫脯④箦狎蝻鳍安惫宫④篦狎蝻鳍安惫连④铎彐翎蝌秣安惫卢④铗殓梏狎蝻鳍安惫矛④狎蝻鼢狯弪殓梏安惫默④狎蝻鼢狯弪殓梏安惫努④赭镨遽潇彐翎蝌秣安绷艾④赭镨遽潋殓梏狎蝻鳍安绷铂④戾骠狎蝻黥衢膦安绷超④蜷玷翎蝌秣翎殪安绷冬④磲痼麸安绷宫④栾镫戾骠狎蝻鳍安绷连④栾镫蜷玷翎蝌秣安绷卢④祜镳狎蝻黛彐簪安绷矛④祜镳狎蝻黩殓梏安绷默④戾骠蜷玷趔聃殓狎蝻鳍安绷努④铎彐趄殓梏狎蝻鳍安甭艾④腆琚安甭爆④殷琚安甭超④澎箦鲩弪庆痂脖鲁安甭冬④沲蝣遽蝌秣戾骠安甭番④沲蝣遽蝌秣蜷玷簪安甭连④汩蜚戾狎蝻黛彐簪安甭卢④汩蜚戾狎蝻黩殓梏安甭矛④戾骠栳蝠镲铛稷安甭默④戾骠栳蝠镲钿秣睥安甭努④躔栳蝠镲铗殓梏安甭片④躔栳蝠镲铎彐簪安泵艾④蜷玷翳狎痫镱躔安泵爆④蜷玷翳狎痫镱滹黝安泵铂④滹黝栳蝠镲铗殓梏安泵超④滹黝栳蝠镲铎彐簪安泵船④蜷玷綮彐翎蝌秣螈安泵惮④溻灬蝌秣躔滹黝安泵冬④戾骠蜷玷翎蝌秣螈安泵番④戾骠戾骠狎蝻黧安泵脯④躔躔狎蝻黧安泵宫④蜷玷趄殓梏狎蝻黧安泵连④滹黝滹黝狎蝻黧安泵卢④戾骠蜷玷翳狎痫镱螈安泵矛④蜷玷綮彐翳狎痫镱螈安泵默④钐彐翎蝌秣安泵努④钐彐趄殓梏狎蝻鳍安泵片④钜殓梏狎蝻鳍安蹦艾④体骠狎蝻鳍安蹦爆④震狎蝻鳍安蹦铂④议玷翎蝌秣安蹦超④娘黝狎蝻鳍安蹦船④体骠蜷玷翎蝌秣安蹦惮④震滹黝狎蝻鳍安蹦连④天彐翎蝌秣安蹦卢④因殓梏狎蝻鳍安蹦默④蜷玷趔聃殓狎蝻鳍安逼惮④娘黝硫蝻髡鹆蝌秣安舶艾④骘蜥祆安舶爆④泔眇戾礤铘安舶铂④疳螋獒膦安舶超④屮轶趔安舶船④铄轶趔安舶惮④鲠蝾雉栝铉安舶番④钺忪幄安舶脯④轭安舶宫④铒糗轭安舶卢④铋安舶矛④铒糗铋安舶片④痱镤安脖艾④泔痱镤安脖爆④篚恝安脖超④眇安脖船④滹麴祯螈安脖冬④箦繇轭躞安脖番Ⅺ哕狍酏安脖脯④汩蜚安脖宫④怩祆弭安脖连④篚蜾安脖默④痱镳麸安脖努④轭骠安脖片④蜷玷翎铉戾安膊艾④犷珈澧安膊爆④礤狍躜邃犷珈澧安膊铂④箴桢蜷汜灬铉戾安膊超④黹洧安膊船④铐殇安膊惮④疳蜥祆屐安膊冬④铕狎犰戾膦安膊番④麇溏澧安膊脯④鲥澧安膊宫④汜稷安膊连④沲稷安膊卢④轭簪安膊矛④轭糗≤轭簪安膊默④轭糗≤轭糗≤轭簪安膊努④镩铘安膊片④篚蜴轭翦珧犰安渤艾④鲲扉铘彗蜥膦安渤爆④沆鏖铘彗蜥膦安渤铂④澎箦鲩弪庆痂膊巢安渤超④澎箦鲩弪庆痂膊吵安渤船④翳弪彐矧澧安渤惮④忮汜躞澧安渤番④蔑祜睥安渤脯④澎箦鲩弪庆痂膊掣安渤连④磲翳忾铥糊堋堋堋堋糊安渤卢④栾盹翳弭殂安渤矛④箝恝安渤默④忉汶箝恝安渤努④灬箝铞安泊艾④黩安泊爆④铒糗箝恝安泊铂④澎箦鲩弪庆痂膊床安泊箔鞍吵脯④物襞聃犰蚤熹澧安泊超④箝礤瘼安泊船④铒糗箝礤瘼安泊惮④泔铉安泊冬④狃痱秫铒翦聃犰安泊番④铒糗泔铉安泊脯④狃痱秫安泊宫④铒糗狃痱秫安泊连④狃痱秫羼安泊卢④糸熹弭蝠膦安泊颅鞍吵脯④铒糗狃殇安泊矛④犰戾聃犰安泊默④狍眇安泊努④迈眇羼安泊怒鞍吵脯④物羧蹴鹉秣钊蹴稷安泊片④怩眇羼安泊骗鞍吵脯④物羧蹴鹋聃犰安驳艾④滹翦瘼安驳碍鞍吵脯④铒糗滹翦瘼安驳爆④滹翦皲雉安驳铂④驷祆轭玟雉箦瘼安驳超④蜷箝铉滹趔羼安驳船⒑舰安驳惮⒔孩安驳冬④羼汩蜚安驳番④汩蜚羼安驳宫④弩糸磲翦螈安驳连④澎箦鲩弪庆痂膊盗安驳卢④篝狎羼踽膦安驳矛④趄獒铉戾瘼安驳片④澎箦鲩弪庆痂膊灯安捕艾④铒舰安捕爆④羼蹰觫安捕铂④铒糗羼蹰觫安捕船④戾瘼安捕惮④珏瘼安捕冬④戾耨安捕番④珏耨安捕脯④祛羼瘼安捕腑捌虐艾④祧弪纛羼瘼安捕宫④珙羼瘼安捕弓捌虐艾④琏弪纛羼瘼安捕连④祆安捕镰鞍吵脯④物籼弩筇弩螈安捕卢④珑安捕颅鞍吵脯④物羟蝈狒弪球遽翦颌安捕矛④忮赭邋睥安捕默④铒糗脲蝾爱冲碥糸礤螈安捕努④铒艏安捕片④铒艟安卜艾④铒糗戾瘼安卜爆④铒糗珏瘼安卜铂④戾篌羼蹰鲮铘安卜超④珧遽翦蝈聃轹祛簪安卜船④澎箦鲩弪庆痂膊反安卜惮④澎箦鲩弪庆痂膊返安卜冬④戾篌玺颌安卜番④玺蜢弩螈安卜脯④铒綮弩箸蝈狒弪安卜宫④铒翮蝈狒弪戾篌安卜连④痱邈安卜卢④篚沣安卜矛④痱邈沲蜢羼安卜默④篚沣沲蜢羼安卜努④痱邈狃痱秫安卜怒鞍吵脯④物粜蝈沐溴笤殪溴安卜片④篚沣狃痱秫安卜骗鞍吵脯④物粲蹉沐邃笤殪溴安哺艾④铒糗痱邈安哺爆④铒糗篚沣安哺铂④篚怏弭安哺超④篚痼弭安哺船④铒糗篚怏弭安哺惮④铒糗篚痼弭安哺冬④篚怏弭羼安哺番④篚痼弭羼安哺脯④铒糗篚怏弭羼安哺宫④铒糗篚痼弭羼安哺连④篚怏弭铄瘼安哺镰捌虐艾④鲠蝮踱箦纛羼瘼安哺卢④篚痼弭铄瘼安哺颅捌虐艾④鲠蝮躔箦纛羼安哺努④躔祯螈安哺片④篑篚怏弭安哺骗鞍吵脯④物粲聃狎逵踱箦簪安补艾④篑篚痼弭安补碍鞍吵脯④物粲聃狎逵躔弪箦簪安补爆④篑篚怏弭羼安补铂④篑篚痼弭羼安补超④篑汜稷安补船④篑沲稷安补惮④镳祯螈安补冬④镯轭躞安补番④雉轫弩安补脯④矬灬箬安补宫④镤雉安补连④汩蜚戾溷轵恽安补卢④汩蜚戾溽篝安补默④汩蜚戾滗狍琚安补努④怙痨躞安补片④怙黹铛螈安擦艾④怙糸礤螈安擦爆④怙滹簪安擦铂④鲣狍琚安擦超④溽箬觫安擦船④麸稷安擦惮④疱蝠安擦番④趄蹂篝狒澧安擦脯④骘蜚弩屮趄幄安擦宫④咒狍琚安擦连④嘱溽箬安擦卢④帜狍琚安擦矛④铞溽箬安擦默④铞尼箬安擦努④钪溽箬安擦片④钪尼箬安猜铂④鲠螋蜷犷珈屐彐簪安猜超④鲠螋蜷犷珈弪殓梏安猜船④趄獒铉戾戾骠羼安猜惮④趄獒铉戾蜷玷翦瘼安猜冬④矧殓轭犰安猜番④轫徵澧安猜脯④眭祠轫狃安猜宫④桢蝽轸泔铌磲趄轼安猜连④轭翦蜚犰安猜卢④鲥邂狎安猜努④蜷玷翎铉戾狎恽安裁艾④澎箦鲩弪庆痂膊冒安裁爆④澎箦鲩弪庆痂膊帽安裁铂④忾玢狃安裁超④忾玢躔安裁船④溟犴镱洧安裁惮④沅雉安裁冬④篝狎安裁番④溟鲩溴镱糸礤螈安裁脯④怙黥殄安裁宫④祠轫弩安裁连④螋轫弩安裁卢④戾骠翳蝈弭轫弩安裁矛④蜷玷趑栩邋糸礤螈安裁默④忉汶箝礤瘼安裁努④沲蜢鲥澧安裁片④沲蜢麇溏澧安材艾④吁怏弭安材爆④吁痼弭安材铂④冕稷安材超④悯稷安材船④痖翥桄矧擘安材冬④戾篌滹簪安材番④玺蜾雉安材脯④鲥蝙眭汨戾篌安材宫④鲥蝙眭汨珧遽翦颌安材连④戾篌羼玺颌安材卢④玺蝈耢弩螈安材努④沲蜢羼痱邈安材片④沲蜢羼篚沣安才铂④铒糗篑篚怏弭羼安才超④铒糗篑篚痼弭羼安才惮④澎篑箴铄安才冬④祛箝恝安才番④珙箝恝安才脯④痱邈邃弩铒趔轫殪狎安才宫④篚沣铙轫安才连④铘蜷犷珈屐彐簪安才卢④铘蜷犷珈弪殓梏安才矛④铘蜷犷珈屐彐翦瘼安才默④铘蜷犷珈弪殓梏羼安才努④鲣雉螈安才片④沅雉螈安财艾④躔箪镳邋祆轲箝螈安财爆④滹黝箪镳邋祆轲箝螈安嘲惮④忉蝼邃珏安嘲冬④疱蝮疸矧蝈箴镱洧安嘲脯④煦彘膦安嘲宫④蜚彘膦安嘲连④戽祜矧安嘲卢④蜴祜矧安潮惮④蝈泔蜾弪安潮冬④磲翳汨狎⒉舶涪安潮矛④蹯泔蝾弪安潮默④躜泔蝾弪安潮努④祆泔蝾弪安潮片④祢泔蝾弪安巢铂④骝秣睥安巢超④箜殪澧安巢宫④灬铉戾安巢连④蜥铉戾安吵默④澎箦鲩弪庆痂鸥掣安沉超④澎潇泔蝾安陈艾④祉秕篝徙桢安陈爆④蝽秕篝徙桢安床超④翦赧轶殁戾箴徙澧安炊艾④溟铉狈昌安炊爆④溟铉狈除安炊铂④溟铉狈待安炊超④溟铉狈谍安炊船④溟铉狈洱安炊惮④溟铉狈俘安炊冬④溟铉狈庚安炊番④溟铉狈过安炊脯④溟铉备褒安炊宫④溟铉备饼安疵脯④汩蜚戾溆安蛋冬④澎潴桄钽安当宫④澎篑骖鳍安捣爆④溟徵躔安盗艾④溟铉北褒安盗爆④篑踽蝈安盗连④忪徙塍聃狎澧安盗默④驸秫"
025AF,"\Elzvrecto"
025B1,"\ElsevierGlyph{E381}"
025B2,"\ding{115}"
025B3,"\bigtriangleup"
025B4,"\blacktriangle"
025B5,"\vartriangle"
025B8,"\blacktriangleright"
025B9,"\triangleright"
025BC,"\ding{116}"
025BD,"\bigtriangledown"
025BE,"\blacktriangledown"
025BF,"\triangledown"
025C2,"\blacktriangleleft"
025C3,"\triangleleft"
025C6,"\ding{117}"
025CA,"\lozenge"
025CB,"\bigcirc"
025CF,"\ding{108}"
025D0,"\Elzcirfl"
025D1,"\Elzcirfr"
025D2,"\Elzcirfb"
025D7,"\ding{119}"
025D8,"\Elzrvbull"
025E7,"\Elzsqfl"
025E8,"\Elzsqfr"
025EA,"\Elzsqfse"
025EF,"\bigcirc"
02605,"\ding{72}"
02606,"\ding{73}"
0260E,"\ding{37}"
0261B,"\ding{42}"
0261E,"\ding{43}"
0263E,"\rightmoon"
0263F,"\mercury"
02640,"\venus"
02642,"\male"
02643,"\jupiter"
02644,"\saturn"
02645,"\uranus"
02646,"\neptune"
02647,"\pluto"
02648,"\aries"
02649,"\taurus"
0264A,"\gemini"
0264B,"\cancer"
0264C,"\leo"
0264D,"\virgo"
0264E,"\libra"
0264F,"\scorpio"
02650,"\sagittarius"
02651,"\capricornus"
02652,"\aquarius"
02653,"\pisces"
02660,"\ding{171}"
02662,"\diamond"
02663,"\ding{168}"
02665,"\ding{170}"
02666,"\ding{169}"
02669,"\quarternote"
0266A,"\eighthnote"
0266D,"\flat"
0266E,"\natural"
0266F,"\sharp"
02701,"\ding{33}"
02702,"\ding{34}"
02703,"\ding{35}"
02704,"\ding{36}"
02706,"\ding{38}"
02707,"\ding{39}"
02708,"\ding{40}"
02709,"\ding{41}"
0270C,"\ding{44}"
0270D,"\ding{45}"
0270E,"\ding{46}"
0270F,"\ding{47}"
02710,"\ding{48}"
02711,"\ding{49}"
02712,"\ding{50}"
02713,"\ding{51}"
02714,"\ding{52}"
02715,"\ding{53}"
02716,"\ding{54}"
02717,"\ding{55}"
02718,"\ding{56}"
02719,"\ding{57}"
0271A,"\ding{58}"
0271B,"\ding{59}"
0271C,"\ding{60}"
0271D,"\ding{61}"
0271E,"\ding{62}"
0271F,"\ding{63}"
02720,"\ding{64}"
02721,"\ding{65}"
02722,"\ding{66}"
02723,"\ding{67}"
02724,"\ding{68}"
02725,"\ding{69}"
02726,"\ding{70}"
02727,"\ding{71}"
02729,"\ding{73}"
0272A,"\ding{74}"
0272B,"\ding{75}"
0272C,"\ding{76}"
0272D,"\ding{77}"
0272E,"\ding{78}"
0272F,"\ding{79}"
02730,"\ding{80}"
02731,"\ding{81}"
02732,"\ding{82}"
02733,"\ding{83}"
02734,"\ding{84}"
02735,"\ding{85}"
02736,"\ding{86}"
02737,"\ding{87}"
02738,"\ding{88}"
02739,"\ding{89}"
0273A,"\ding{90}"
0273B,"\ding{91}"
0273C,"\ding{92}"
0273D,"\ding{93}"
0273E,"\ding{94}"
0273F,"\ding{95}"
02740,"\ding{96}"
02741,"\ding{97}"
02742,"\ding{98}"
02743,"\ding{99}"
02744,"\ding{100}"
02745,"\ding{101}"
02746,"\ding{102}"
02747,"\ding{103}"
02748,"\ding{104}"
02749,"\ding{105}"
0274A,"\ding{106}"
0274B,"\ding{107}"
0274D,"\ding{109}"
0274F,"\ding{111}"
02750,"\ding{112}"
02751,"\ding{113}"
02752,"\ding{114}"
02756,"\ding{118}"
02758,"\ding{120}"
02759,"\ding{121}"
0275A,"\ding{122}"
0275B,"\ding{123}"
0275C,"\ding{124}"
0275D,"\ding{125}"
0275E,"\ding{126}"
02761,"\ding{161}"
02762,"\ding{162}"
02763,"\ding{163}"
02764,"\ding{164}"
02765,"\ding{165}"
02766,"\ding{166}"
02767,"\ding{167}"
02776,"\ding{182}"
02777,"\ding{183}"
02778,"\ding{184}"
02779,"\ding{185}"
0277A,"\ding{186}"
0277B,"\ding{187}"
0277C,"\ding{188}"
0277D,"\ding{189}"
0277E,"\ding{190}"
0277F,"\ding{191}"
02780,"\ding{192}"
02781,"\ding{193}"
02782,"\ding{194}"
02783,"\ding{195}"
02784,"\ding{196}"
02785,"\ding{197}"
02786,"\ding{198}"
02787,"\ding{199}"
02788,"\ding{200}"
02789,"\ding{201}"
0278A,"\ding{202}"
0278B,"\ding{203}"
0278C,"\ding{204}"
0278D,"\ding{205}"
0278E,"\ding{206}"
0278F,"\ding{207}"
02790,"\ding{208}"
02791,"\ding{209}"
02792,"\ding{210}"
02793,"\ding{211}"
02794,"\ding{212}"
02798,"\ding{216}"
02799,"\ding{217}"
0279A,"\ding{218}"
0279B,"\ding{219}"
0279C,"\ding{220}"
0279D,"\ding{221}"
0279E,"\ding{222}"
0279F,"\ding{223}"
027A0,"\ding{224}"
027A1,"\ding{225}"
027A2,"\ding{226}"
027A3,"\ding{227}"
027A4,"\ding{228}"
027A5,"\ding{229}"
027A6,"\ding{230}"
027A7,"\ding{231}"
027A8,"\ding{232}"
027A9,"\ding{233}"
027AA,"\ding{234}"
027AB,"\ding{235}"
027AC,"\ding{236}"
027AD,"\ding{237}"
027AE,"\ding{238}"
027AF,"\ding{239}"
027B1,"\ding{241}"
027B2,"\ding{242}"
027B3,"\ding{243}"
027B4,"\ding{244}"
027B5,"\ding{245}"
027B6,"\ding{246}"
027B7,"\ding{247}"
027B8,"\ding{248}"
027B9,"\ding{249}"
027BA,"\ding{250}"
027BB,"\ding{251}"
027BC,"\ding{252}"
027BD,"\ding{253}"
027BE,"\ding{254}"
027F5,"\longleftarrow"
027F6,"\longrightarrow"
027F7,"\longleftrightarrow"
027F8,"\Longleftarrow"
027F9,"\Longrightarrow"
027FA,"\Longleftrightarrow"
027FC,"\longmapsto"
027FF,"\sim\joinrel\leadsto"
02905,"\ElsevierGlyph{E212}"
02912,"\UpArrowBar"
02913,"\DownArrowBar"
02923,"\ElsevierGlyph{E20C}"
02924,"\ElsevierGlyph{E20D}"
02925,"\ElsevierGlyph{E20B}"
02926,"\ElsevierGlyph{E20A}"
02927,"\ElsevierGlyph{E211}"
02928,"\ElsevierGlyph{E20E}"
02929,"\ElsevierGlyph{E20F}"
0292A,"\ElsevierGlyph{E210}"
02933,"\ElsevierGlyph{E21C}"
02933-00338,"\ElsevierGlyph{E21D}"
02936,"\ElsevierGlyph{E21A}"
02937,"\ElsevierGlyph{E219}"
02940,"\Elolarr"
02941,"\Elorarr"
02942,"\ElzRlarr"
02944,"\ElzrLarr"
02947,"\Elzrarrx"
0294E,"\LeftRightVector"
0294F,"\RightUpDownVector"
02950,"\DownLeftRightVector"
02951,"\LeftUpDownVector"
02952,"\LeftVectorBar"
02953,"\RightVectorBar"
02954,"\RightUpVectorBar"
02955,"\RightDownVectorBar"
02956,"\DownLeftVectorBar"
02957,"\DownRightVectorBar"
02958,"\LeftUpVectorBar"
02959,"\LeftDownVectorBar"
0295A,"\LeftTeeVector"
0295B,"\RightTeeVector"
0295C,"\RightUpTeeVector"
0295D,"\RightDownTeeVector"
0295E,"\DownLeftTeeVector"
0295F,"\DownRightTeeVector"
02960,"\LeftUpTeeVector"
02961,"\LeftDownTeeVector"
0296E,"\UpEquilibrium"
0296F,"\ReverseUpEquilibrium"
02970,"\RoundImplies"
0297C,"\ElsevierGlyph{E214}"
0297D,"\ElsevierGlyph{E215}"
02980,"\Elztfnc"
02985,"\ElsevierGlyph{3018}"
02986,"\Elroang"
02993,"<\kern-0.58em("
02994,"\ElsevierGlyph{E291}"
02999,"\Elzddfnc"
0299C,"\Angle"
029A0,"\Elzlpargt"
029B5,"\ElsevierGlyph{E260}"
029B6,"\ElsevierGlyph{E61B}"
029CA,"\ElzLap"
029CB,"\Elzdefas"
029CF,"\LeftTriangleBar"
029CF-00338,"\NotLeftTriangleBar"
029D0,"\RightTriangleBar"
029D0-00338,"\NotRightTriangleBar"
029DC,"\ElsevierGlyph{E372}"
029EB,"\blacklozenge"
029F4,"\RuleDelayed"
02A04,"\Elxuplus"
02A05,"\ElzThr"
02A06,"\Elxsqcup"
02A07,"\ElzInf"
02A08,"\ElzSup"
02A0D,"\ElzCint"
02A0F,"\clockoint"
02A10,"\ElsevierGlyph{E395}"
02A16,"\sqrint"
02A25,"\ElsevierGlyph{E25A}"
02A2A,"\ElsevierGlyph{E25B}"
02A2D,"\ElsevierGlyph{E25C}"
02A2E,"\ElsevierGlyph{E25D}"
02A2F,"\ElzTimes"
02A34,"\ElsevierGlyph{E25E}"
02A35,"\ElsevierGlyph{E25E}"
02A3C,"\ElsevierGlyph{E259}"
02A3F,"\amalg"
02A53,"\ElzAnd"
02A54,"\ElzOr"
02A55,"\ElsevierGlyph{E36E}"
02A56,"\ElOr"
02A5E,"\perspcorrespond"
02A5F,"\Elzminhat"
02A63,"\ElsevierGlyph{225A}"
02A6E,"\stackrel{*}{=}"
02A75,"\Equal"
02A7D,"\leqslant"
02A7D-00338,"\nleqslant"
02A7E,"\geqslant"
02A7E-00338,"\ngeqslant"
02A85,"\lessapprox"
02A86,"\gtrapprox"
02A87,"\lneq"
02A88,"\gneq"
02A89,"\lnapprox"
02A8A,"\gnapprox"
02A8B,"\lesseqqgtr"
02A8C,"\gtreqqless"
02A95,"\eqslantless"
02A96,"\eqslantgtr"
02A9D,"\Pisymbol{ppi020}{117}"
02A9E,"\Pisymbol{ppi020}{105}"
02AA1,"\NestedLessLess"
02AA1-00338,"\NotNestedLessLess"
02AA2,"\NestedGreaterGreater"
02AA2-00338,"\NotNestedGreaterGreater"
02AAF,"\preceq"
02AAF-00338,"\not\preceq"
02AB0,"\succeq"
02AB0-00338,"\not\succeq"
02AB5,"\precneqq"
02AB6,"\succneqq"
02AB7,"\precapprox"
02AB8,"\succapprox"
02AB9,"\precnapprox"
02ABA,"\succnapprox"
02AC5,"\subseteqq"
02AC5-00338,"\nsubseteqq"
02AC6,"\supseteqq"
02AC6-00338,"\nsupseteqq"
02ACB,"\subsetneqq"
02ACC,"\supsetneqq"
02AEB,"\ElsevierGlyph{E30D}"
02AF6,"\Elztdcol"
02AFD,"{{/}\!\!{/}}"
02AFD-020E5,"{\rlap{\textbackslash}{{/}\!\!{/}}}"
0300A,"\ElsevierGlyph{300A}"
0300B,"\ElsevierGlyph{300B}"
03018,"\ElsevierGlyph{3018}"
03019,"\ElsevierGlyph{3019}"
0301A,"\openbracketleft"
0301B,"\openbracketright"
0FB00,"ff"
0FB01,"fi"
0FB02,"fl"
0FB03,"ffi"
0FB04,"ffl"
1D400,"\mathbf{A}"
1D401,"\mathbf{B}"
1D402,"\mathbf{C}"
1D403,"\mathbf{D}"
1D404,"\mathbf{E}"
1D405,"\mathbf{F}"
1D406,"\mathbf{G}"
1D407,"\mathbf{H}"
1D408,"\mathbf{I}"
1D409,"\mathbf{J}"
1D40A,"\mathbf{K}"
1D40B,"\mathbf{L}"
1D40C,"\mathbf{M}"
1D40D,"\mathbf{N}"
1D40E,"\mathbf{O}"
1D40F,"\mathbf{P}"
1D410,"\mathbf{Q}"
1D411,"\mathbf{R}"
1D412,"\mathbf{S}"
1D413,"\mathbf{T}"
1D414,"\mathbf{U}"
1D415,"\mathbf{V}"
1D416,"\mathbf{W}"
1D417,"\mathbf{X}"
1D418,"\mathbf{Y}"
1D419,"\mathbf{Z}"
1D41A,"\mathbf{a}"
1D41B,"\mathbf{b}"
1D41C,"\mathbf{c}"
1D41D,"\mathbf{d}"
1D41E,"\mathbf{e}"
1D41F,"\mathbf{f}"
1D420,"\mathbf{g}"
1D421,"\mathbf{h}"
1D422,"\mathbf{i}"
1D423,"\mathbf{j}"
1D424,"\mathbf{k}"
1D425,"\mathbf{l}"
1D426,"\mathbf{m}"
1D427,"\mathbf{n}"
1D428,"\mathbf{o}"
1D429,"\mathbf{p}"
1D42A,"\mathbf{q}"
1D42B,"\mathbf{r}"
1D42C,"\mathbf{s}"
1D42D,"\mathbf{t}"
1D42E,"\mathbf{u}"
1D42F,"\mathbf{v}"
1D430,"\mathbf{w}"
1D431,"\mathbf{x}"
1D432,"\mathbf{y}"
1D433,"\mathbf{z}"
1D434,"\mathsl{A}"
1D435,"\mathsl{B}"
1D436,"\mathsl{C}"
1D437,"\mathsl{D}"
1D438,"\mathsl{E}"
1D439,"\mathsl{F}"
1D43A,"\mathsl{G}"
1D43B,"\mathsl{H}"
1D43C,"\mathsl{I}"
1D43D,"\mathsl{J}"
1D43E,"\mathsl{K}"
1D43F,"\mathsl{L}"
1D440,"\mathsl{M}"
1D441,"\mathsl{N}"
1D442,"\mathsl{O}"
1D443,"\mathsl{P}"
1D444,"\mathsl{Q}"
1D445,"\mathsl{R}"
1D446,"\mathsl{S}"
1D447,"\mathsl{T}"
1D448,"\mathsl{U}"
1D449,"\mathsl{V}"
1D44A,"\mathsl{W}"
1D44B,"\mathsl{X}"
1D44C,"\mathsl{Y}"
1D44D,"\mathsl{Z}"
1D44E,"\mathsl{a}"
1D44F,"\mathsl{b}"
1D450,"\mathsl{c}"
1D451,"\mathsl{d}"
1D452,"\mathsl{e}"
1D453,"\mathsl{f}"
1D454,"\mathsl{g}"
1D456,"\mathsl{i}"
1D457,"\mathsl{j}"
1D458,"\mathsl{k}"
1D459,"\mathsl{l}"
1D45A,"\mathsl{m}"
1D45B,"\mathsl{n}"
1D45C,"\mathsl{o}"
1D45D,"\mathsl{p}"
1D45E,"\mathsl{q}"
1D45F,"\mathsl{r}"
1D460,"\mathsl{s}"
1D461,"\mathsl{t}"
1D462,"\mathsl{u}"
1D463,"\mathsl{v}"
1D464,"\mathsl{w}"
1D465,"\mathsl{x}"
1D466,"\mathsl{y}"
1D467,"\mathsl{z}"
1D468,"\mathbit{A}"
1D469,"\mathbit{B}"
1D46A,"\mathbit{C}"
1D46B,"\mathbit{D}"
1D46C,"\mathbit{E}"
1D46D,"\mathbit{F}"
1D46E,"\mathbit{G}"
1D46F,"\mathbit{H}"
1D470,"\mathbit{I}"
1D471,"\mathbit{J}"
1D472,"\mathbit{K}"
1D473,"\mathbit{L}"
1D474,"\mathbit{M}"
1D475,"\mathbit{N}"
1D476,"\mathbit{O}"
1D477,"\mathbit{P}"
1D478,"\mathbit{Q}"
1D479,"\mathbit{R}"
1D47A,"\mathbit{S}"
1D47B,"\mathbit{T}"
1D47C,"\mathbit{U}"
1D47D,"\mathbit{V}"
1D47E,"\mathbit{W}"
1D47F,"\mathbit{X}"
1D480,"\mathbit{Y}"
1D481,"\mathbit{Z}"
1D482,"\mathbit{a}"
1D483,"\mathbit{b}"
1D484,"\mathbit{c}"
1D485,"\mathbit{d}"
1D486,"\mathbit{e}"
1D487,"\mathbit{f}"
1D488,"\mathbit{g}"
1D489,"\mathbit{h}"
1D48A,"\mathbit{i}"
1D48B,"\mathbit{j}"
1D48C,"\mathbit{k}"
1D48D,"\mathbit{l}"
1D48E,"\mathbit{m}"
1D48F,"\mathbit{n}"
1D490,"\mathbit{o}"
1D491,"\mathbit{p}"
1D492,"\mathbit{q}"
1D493,"\mathbit{r}"
1D494,"\mathbit{s}"
1D495,"\mathbit{t}"
1D496,"\mathbit{u}"
1D497,"\mathbit{v}"
1D498,"\mathbit{w}"
1D499,"\mathbit{x}"
1D49A,"\mathbit{y}"
1D49B,"\mathbit{z}"
1D49C,"\mathscr{A}"
1D49E,"\mathscr{C}"
1D49F,"\mathscr{D}"
1D4A2,"\mathscr{G}"
1D4A5,"\mathscr{J}"
1D4A6,"\mathscr{K}"
1D4A9,"\mathscr{N}"
1D4AA,"\mathscr{O}"
1D4AB,"\mathscr{P}"
1D4AC,"\mathscr{Q}"
1D4AE,"\mathscr{S}"
1D4AF,"\mathscr{T}"
1D4B0,"\mathscr{U}"
1D4B1,"\mathscr{V}"
1D4B2,"\mathscr{W}"
1D4B3,"\mathscr{X}"
1D4B4,"\mathscr{Y}"
1D4B5,"\mathscr{Z}"
1D4B6,"\mathscr{a}"
1D4B7,"\mathscr{b}"
1D4B8,"\mathscr{c}"
1D4B9,"\mathscr{d}"
1D4BB,"\mathscr{f}"
1D4BD,"\mathscr{h}"
1D4BE,"\mathscr{i}"
1D4BF,"\mathscr{j}"
1D4C0,"\mathscr{k}"
1D4C1,"\mathscr{l}"
1D4C2,"\mathscr{m}"
1D4C3,"\mathscr{n}"
1D4C5,"\mathscr{p}"
1D4C6,"\mathscr{q}"
1D4C7,"\mathscr{r}"
1D4C8,"\mathscr{s}"
1D4C9,"\mathscr{t}"
1D4CA,"\mathscr{u}"
1D4CB,"\mathscr{v}"
1D4CC,"\mathscr{w}"
1D4CD,"\mathscr{x}"
1D4CE,"\mathscr{y}"
1D4CF,"\mathscr{z}"
1D4D0,"\mathmit{A}"
1D4D1,"\mathmit{B}"
1D4D2,"\mathmit{C}"
1D4D3,"\mathmit{D}"
1D4D4,"\mathmit{E}"
1D4D5,"\mathmit{F}"
1D4D6,"\mathmit{G}"
1D4D7,"\mathmit{H}"
1D4D8,"\mathmit{I}"
1D4D9,"\mathmit{J}"
1D4DA,"\mathmit{K}"
1D4DB,"\mathmit{L}"
1D4DC,"\mathmit{M}"
1D4DD,"\mathmit{N}"
1D4DE,"\mathmit{O}"
1D4DF,"\mathmit{P}"
1D4E0,"\mathmit{Q}"
1D4E1,"\mathmit{R}"
1D4E2,"\mathmit{S}"
1D4E3,"\mathmit{T}"
1D4E4,"\mathmit{U}"
1D4E5,"\mathmit{V}"
1D4E6,"\mathmit{W}"
1D4E7,"\mathmit{X}"
1D4E8,"\mathmit{Y}"
1D4E9,"\mathmit{Z}"
1D4EA,"\mathmit{a}"
1D4EB,"\mathmit{b}"
1D4EC,"\mathmit{c}"
1D4ED,"\mathmit{d}"
1D4EE,"\mathmit{e}"
1D4EF,"\mathmit{f}"
1D4F0,"\mathmit{g}"
1D4F1,"\mathmit{h}"
1D4F2,"\mathmit{i}"
1D4F3,"\mathmit{j}"
1D4F4,"\mathmit{k}"
1D4F5,"\mathmit{l}"
1D4F6,"\mathmit{m}"
1D4F7,"\mathmit{n}"
1D4F8,"\mathmit{o}"
1D4F9,"\mathmit{p}"
1D4FA,"\mathmit{q}"
1D4FB,"\mathmit{r}"
1D4FC,"\mathmit{s}"
1D4FD,"\mathmit{t}"
1D4FE,"\mathmit{u}"
1D4FF,"\mathmit{v}"
1D500,"\mathmit{w}"
1D501,"\mathmit{x}"
1D502,"\mathmit{y}"
1D503,"\mathmit{z}"
1D504,"\mathfrak{A}"
1D505,"\mathfrak{B}"
1D507,"\mathfrak{D}"
1D508,"\mathfrak{E}"
1D509,"\mathfrak{F}"
1D50A,"\mathfrak{G}"
1D50D,"\mathfrak{J}"
1D50E,"\mathfrak{K}"
1D50F,"\mathfrak{L}"
1D510,"\mathfrak{M}"
1D511,"\mathfrak{N}"
1D512,"\mathfrak{O}"
1D513,"\mathfrak{P}"
1D514,"\mathfrak{Q}"
1D516,"\mathfrak{S}"
1D517,"\mathfrak{T}"
1D518,"\mathfrak{U}"
1D519,"\mathfrak{V}"
1D51A,"\mathfrak{W}"
1D51B,"\mathfrak{X}"
1D51C,"\mathfrak{Y}"
1D51E,"\mathfrak{a}"
1D51F,"\mathfrak{b}"
1D520,"\mathfrak{c}"
1D521,"\mathfrak{d}"
1D522,"\mathfrak{e}"
1D523,"\mathfrak{f}"
1D524,"\mathfrak{g}"
1D525,"\mathfrak{h}"
1D526,"\mathfrak{i}"
1D527,"\mathfrak{j}"
1D528,"\mathfrak{k}"
1D529,"\mathfrak{l}"
1D52A,"\mathfrak{m}"
1D52B,"\mathfrak{n}"
1D52C,"\mathfrak{o}"
1D52D,"\mathfrak{p}"
1D52E,"\mathfrak{q}"
1D52F,"\mathfrak{r}"
1D530,"\mathfrak{s}"
1D531,"\mathfrak{t}"
1D532,"\mathfrak{u}"
1D533,"\mathfrak{v}"
1D534,"\mathfrak{w}"
1D535,"\mathfrak{x}"
1D536,"\mathfrak{y}"
1D537,"\mathfrak{z}"
1D538,"\mathbb{A}"
1D539,"\mathbb{B}"
1D53B,"\mathbb{D}"
1D53C,"\mathbb{E}"
1D53D,"\mathbb{F}"
1D53E,"\mathbb{G}"
1D540,"\mathbb{I}"
1D541,"\mathbb{J}"
1D542,"\mathbb{K}"
1D543,"\mathbb{L}"
1D544,"\mathbb{M}"
1D546,"\mathbb{O}"
1D54A,"\mathbb{S}"
1D54B,"\mathbb{T}"
1D54C,"\mathbb{U}"
1D54D,"\mathbb{V}"
1D54E,"\mathbb{W}"
1D54F,"\mathbb{X}"
1D550,"\mathbb{Y}"
1D552,"\mathbb{a}"
1D553,"\mathbb{b}"
1D554,"\mathbb{c}"
1D555,"\mathbb{d}"
1D556,"\mathbb{e}"
1D557,"\mathbb{f}"
1D558,"\mathbb{g}"
1D559,"\mathbb{h}"
1D55A,"\mathbb{i}"
1D55B,"\mathbb{j}"
1D55C,"\mathbb{k}"
1D55D,"\mathbb{l}"
1D55E,"\mathbb{m}"
1D55F,"\mathbb{n}"
1D560,"\mathbb{o}"
1D561,"\mathbb{p}"
1D562,"\mathbb{q}"
1D563,"\mathbb{r}"
1D564,"\mathbb{s}"
1D565,"\mathbb{t}"
1D566,"\mathbb{u}"
1D567,"\mathbb{v}"
1D568,"\mathbb{w}"
1D569,"\mathbb{x}"
1D56A,"\mathbb{y}"
1D56B,"\mathbb{z}"
1D56C,"\mathslbb{A}"
1D56D,"\mathslbb{B}"
1D56E,"\mathslbb{C}"
1D56F,"\mathslbb{D}"
1D570,"\mathslbb{E}"
1D571,"\mathslbb{F}"
1D572,"\mathslbb{G}"
1D573,"\mathslbb{H}"
1D574,"\mathslbb{I}"
1D575,"\mathslbb{J}"
1D576,"\mathslbb{K}"
1D577,"\mathslbb{L}"
1D578,"\mathslbb{M}"
1D579,"\mathslbb{N}"
1D57A,"\mathslbb{O}"
1D57B,"\mathslbb{P}"
1D57C,"\mathslbb{Q}"
1D57D,"\mathslbb{R}"
1D57E,"\mathslbb{S}"
1D57F,"\mathslbb{T}"
1D580,"\mathslbb{U}"
1D581,"\mathslbb{V}"
1D582,"\mathslbb{W}"
1D583,"\mathslbb{X}"
1D584,"\mathslbb{Y}"
1D585,"\mathslbb{Z}"
1D586,"\mathslbb{a}"
1D587,"\mathslbb{b}"
1D588,"\mathslbb{c}"
1D589,"\mathslbb{d}"
1D58A,"\mathslbb{e}"
1D58B,"\mathslbb{f}"
1D58C,"\mathslbb{g}"
1D58D,"\mathslbb{h}"
1D58E,"\mathslbb{i}"
1D58F,"\mathslbb{j}"
1D590,"\mathslbb{k}"
1D591,"\mathslbb{l}"
1D592,"\mathslbb{m}"
1D593,"\mathslbb{n}"
1D594,"\mathslbb{o}"
1D595,"\mathslbb{p}"
1D596,"\mathslbb{q}"
1D597,"\mathslbb{r}"
1D598,"\mathslbb{s}"
1D599,"\mathslbb{t}"
1D59A,"\mathslbb{u}"
1D59B,"\mathslbb{v}"
1D59C,"\mathslbb{w}"
1D59D,"\mathslbb{x}"
1D59E,"\mathslbb{y}"
1D59F,"\mathslbb{z}"
1D5A0,"\mathsf{A}"
1D5A1,"\mathsf{B}"
1D5A2,"\mathsf{C}"
1D5A3,"\mathsf{D}"
1D5A4,"\mathsf{E}"
1D5A5,"\mathsf{F}"
1D5A6,"\mathsf{G}"
1D5A7,"\mathsf{H}"
1D5A8,"\mathsf{I}"
1D5A9,"\mathsf{J}"
1D5AA,"\mathsf{K}"
1D5AB,"\mathsf{L}"
1D5AC,"\mathsf{M}"
1D5AD,"\mathsf{N}"
1D5AE,"\mathsf{O}"
1D5AF,"\mathsf{P}"
1D5B0,"\mathsf{Q}"
1D5B1,"\mathsf{R}"
1D5B2,"\mathsf{S}"
1D5B3,"\mathsf{T}"
1D5B4,"\mathsf{U}"
1D5B5,"\mathsf{V}"
1D5B6,"\mathsf{W}"
1D5B7,"\mathsf{X}"
1D5B8,"\mathsf{Y}"
1D5B9,"\mathsf{Z}"
1D5BA,"\mathsf{a}"
1D5BB,"\mathsf{b}"
1D5BC,"\mathsf{c}"
1D5BD,"\mathsf{d}"
1D5BE,"\mathsf{e}"
1D5BF,"\mathsf{f}"
1D5C0,"\mathsf{g}"
1D5C1,"\mathsf{h}"
1D5C2,"\mathsf{i}"
1D5C3,"\mathsf{j}"
1D5C4,"\mathsf{k}"
1D5C5,"\mathsf{l}"
1D5C6,"\mathsf{m}"
1D5C7,"\mathsf{n}"
1D5C8,"\mathsf{o}"
1D5C9,"\mathsf{p}"
1D5CA,"\mathsf{q}"
1D5CB,"\mathsf{r}"
1D5CC,"\mathsf{s}"
1D5CD,"\mathsf{t}"
1D5CE,"\mathsf{u}"
1D5CF,"\mathsf{v}"
1D5D0,"\mathsf{w}"
1D5D1,"\mathsf{x}"
1D5D2,"\mathsf{y}"
1D5D3,"\mathsf{z}"
1D5D4,"\mathsfbf{A}"
1D5D5,"\mathsfbf{B}"
1D5D6,"\mathsfbf{C}"
1D5D7,"\mathsfbf{D}"
1D5D8,"\mathsfbf{E}"
1D5D9,"\mathsfbf{F}"
1D5DA,"\mathsfbf{G}"
1D5DB,"\mathsfbf{H}"
1D5DC,"\mathsfbf{I}"
1D5DD,"\mathsfbf{J}"
1D5DE,"\mathsfbf{K}"
1D5DF,"\mathsfbf{L}"
1D5E0,"\mathsfbf{M}"
1D5E1,"\mathsfbf{N}"
1D5E2,"\mathsfbf{O}"
1D5E3,"\mathsfbf{P}"
1D5E4,"\mathsfbf{Q}"
1D5E5,"\mathsfbf{R}"
1D5E6,"\mathsfbf{S}"
1D5E7,"\mathsfbf{T}"
1D5E8,"\mathsfbf{U}"
1D5E9,"\mathsfbf{V}"
1D5EA,"\mathsfbf{W}"
1D5EB,"\mathsfbf{X}"
1D5EC,"\mathsfbf{Y}"
1D5ED,"\mathsfbf{Z}"
1D5EE,"\mathsfbf{a}"
1D5EF,"\mathsfbf{b}"
1D5F0,"\mathsfbf{c}"
1D5F1,"\mathsfbf{d}"
1D5F2,"\mathsfbf{e}"
1D5F3,"\mathsfbf{f}"
1D5F4,"\mathsfbf{g}"
1D5F5,"\mathsfbf{h}"
1D5F6,"\mathsfbf{i}"
1D5F7,"\mathsfbf{j}"
1D5F8,"\mathsfbf{k}"
1D5F9,"\mathsfbf{l}"
1D5FA,"\mathsfbf{m}"
1D5FB,"\mathsfbf{n}"
1D5FC,"\mathsfbf{o}"
1D5FD,"\mathsfbf{p}"
1D5FE,"\mathsfbf{q}"
1D5FF,"\mathsfbf{r}"
1D600,"\mathsfbf{s}"
1D601,"\mathsfbf{t}"
1D602,"\mathsfbf{u}"
1D603,"\mathsfbf{v}"
1D604,"\mathsfbf{w}"
1D605,"\mathsfbf{x}"
1D606,"\mathsfbf{y}"
1D607,"\mathsfbf{z}"
1D608,"\mathsfsl{A}"
1D609,"\mathsfsl{B}"
1D60A,"\mathsfsl{C}"
1D60B,"\mathsfsl{D}"
1D60C,"\mathsfsl{E}"
1D60D,"\mathsfsl{F}"
1D60E,"\mathsfsl{G}"
1D60F,"\mathsfsl{H}"
1D610,"\mathsfsl{I}"
1D611,"\mathsfsl{J}"
1D612,"\mathsfsl{K}"
1D613,"\mathsfsl{L}"
1D614,"\mathsfsl{M}"
1D615,"\mathsfsl{N}"
1D616,"\mathsfsl{O}"
1D617,"\mathsfsl{P}"
1D618,"\mathsfsl{Q}"
1D619,"\mathsfsl{R}"
1D61A,"\mathsfsl{S}"
1D61B,"\mathsfsl{T}"
1D61C,"\mathsfsl{U}"
1D61D,"\mathsfsl{V}"
1D61E,"\mathsfsl{W}"
1D61F,"\mathsfsl{X}"
1D620,"\mathsfsl{Y}"
1D621,"\mathsfsl{Z}"
1D622,"\mathsfsl{a}"
1D623,"\mathsfsl{b}"
1D624,"\mathsfsl{c}"
1D625,"\mathsfsl{d}"
1D626,"\mathsfsl{e}"
1D627,"\mathsfsl{f}"
1D628,"\mathsfsl{g}"
1D629,"\mathsfsl{h}"
1D62A,"\mathsfsl{i}"
1D62B,"\mathsfsl{j}"
1D62C,"\mathsfsl{k}"
1D62D,"\mathsfsl{l}"
1D62E,"\mathsfsl{m}"
1D62F,"\mathsfsl{n}"
1D630,"\mathsfsl{o}"
1D631,"\mathsfsl{p}"
1D632,"\mathsfsl{q}"
1D633,"\mathsfsl{r}"
1D634,"\mathsfsl{s}"
1D635,"\mathsfsl{t}"
1D636,"\mathsfsl{u}"
1D637,"\mathsfsl{v}"
1D638,"\mathsfsl{w}"
1D639,"\mathsfsl{x}"
1D63A,"\mathsfsl{y}"
1D63B,"\mathsfsl{z}"
1D63C,"\mathsfbfsl{A}"
1D63D,"\mathsfbfsl{B}"
1D63E,"\mathsfbfsl{C}"
1D63F,"\mathsfbfsl{D}"
1D640,"\mathsfbfsl{E}"
1D641,"\mathsfbfsl{F}"
1D642,"\mathsfbfsl{G}"
1D643,"\mathsfbfsl{H}"
1D644,"\mathsfbfsl{I}"
1D645,"\mathsfbfsl{J}"
1D646,"\mathsfbfsl{K}"
1D647,"\mathsfbfsl{L}"
1D648,"\mathsfbfsl{M}"
1D649,"\mathsfbfsl{N}"
1D64A,"\mathsfbfsl{O}"
1D64B,"\mathsfbfsl{P}"
1D64C,"\mathsfbfsl{Q}"
1D64D,"\mathsfbfsl{R}"
1D64E,"\mathsfbfsl{S}"
1D64F,"\mathsfbfsl{T}"
1D650,"\mathsfbfsl{U}"
1D651,"\mathsfbfsl{V}"
1D652,"\mathsfbfsl{W}"
1D653,"\mathsfbfsl{X}"
1D654,"\mathsfbfsl{Y}"
1D655,"\mathsfbfsl{Z}"
1D656,"\mathsfbfsl{a}"
1D657,"\mathsfbfsl{b}"
1D658,"\mathsfbfsl{c}"
1D659,"\mathsfbfsl{d}"
1D65A,"\mathsfbfsl{e}"
1D65B,"\mathsfbfsl{f}"
1D65C,"\mathsfbfsl{g}"
1D65D,"\mathsfbfsl{h}"
1D65E,"\mathsfbfsl{i}"
1D65F,"\mathsfbfsl{j}"
1D660,"\mathsfbfsl{k}"
1D661,"\mathsfbfsl{l}"
1D662,"\mathsfbfsl{m}"
1D663,"\mathsfbfsl{n}"
1D664,"\mathsfbfsl{o}"
1D665,"\mathsfbfsl{p}"
1D666,"\mathsfbfsl{q}"
1D667,"\mathsfbfsl{r}"
1D668,"\mathsfbfsl{s}"
1D669,"\mathsfbfsl{t}"
1D66A,"\mathsfbfsl{u}"
1D66B,"\mathsfbfsl{v}"
1D66C,"\mathsfbfsl{w}"
1D66D,"\mathsfbfsl{x}"
1D66E,"\mathsfbfsl{y}"
1D66F,"\mathsfbfsl{z}"
1D670,"\mathtt{A}"
1D671,"\mathtt{B}"
1D672,"\mathtt{C}"
1D673,"\mathtt{D}"
1D674,"\mathtt{E}"
1D675,"\mathtt{F}"
1D676,"\mathtt{G}"
1D677,"\mathtt{H}"
1D678,"\mathtt{I}"
1D679,"\mathtt{J}"
1D67A,"\mathtt{K}"
1D67B,"\mathtt{L}"
1D67C,"\mathtt{M}"
1D67D,"\mathtt{N}"
1D67E,"\mathtt{O}"
1D67F,"\mathtt{P}"
1D680,"\mathtt{Q}"
1D681,"\mathtt{R}"
1D682,"\mathtt{S}"
1D683,"\mathtt{T}"
1D684,"\mathtt{U}"
1D685,"\mathtt{V}"
1D686,"\mathtt{W}"
1D687,"\mathtt{X}"
1D688,"\mathtt{Y}"
1D689,"\mathtt{Z}"
1D68A,"\mathtt{a}"
1D68B,"\mathtt{b}"
1D68C,"\mathtt{c}"
1D68D,"\mathtt{d}"
1D68E,"\mathtt{e}"
1D68F,"\mathtt{f}"
1D690,"\mathtt{g}"
1D691,"\mathtt{h}"
1D692,"\mathtt{i}"
1D693,"\mathtt{j}"
1D694,"\mathtt{k}"
1D695,"\mathtt{l}"
1D696,"\mathtt{m}"
1D697,"\mathtt{n}"
1D698,"\mathtt{o}"
1D699,"\mathtt{p}"
1D69A,"\mathtt{q}"
1D69B,"\mathtt{r}"
1D69C,"\mathtt{s}"
1D69D,"\mathtt{t}"
1D69E,"\mathtt{u}"
1D69F,"\mathtt{v}"
1D6A0,"\mathtt{w}"
1D6A1,"\mathtt{x}"
1D6A2,"\mathtt{y}"
1D6A3,"\mathtt{z}"
1D6A8,"\mathbf{\Alpha}"
1D6A9,"\mathbf{\Beta}"
1D6AA,"\mathbf{\Gamma}"
1D6AB,"\mathbf{\Delta}"
1D6AC,"\mathbf{\Epsilon}"
1D6AD,"\mathbf{\Zeta}"
1D6AE,"\mathbf{\Eta}"
1D6AF,"\mathbf{\Theta}"
1D6B0,"\mathbf{\Iota}"
1D6B1,"\mathbf{\Kappa}"
1D6B2,"\mathbf{\Lambda}"
1D6B5,"\mathbf{\Xi}"
1D6B7,"\mathbf{\Pi}"
1D6B8,"\mathbf{\Rho}"
1D6B9,"\mathbf{\vartheta}"
1D6BA,"\mathbf{\Sigma}"
1D6BB,"\mathbf{\Tau}"
1D6BC,"\mathbf{\Upsilon}"
1D6BD,"\mathbf{\Phi}"
1D6BE,"\mathbf{\Chi}"
1D6BF,"\mathbf{\Psi}"
1D6C0,"\mathbf{\Omega}"
1D6C1,"\mathbf{\nabla}"
1D6C2,"\mathbf{\Alpha}"
1D6C3,"\mathbf{\Beta}"
1D6C4,"\mathbf{\Gamma}"
1D6C5,"\mathbf{\Delta}"
1D6C6,"\mathbf{\Epsilon}"
1D6C7,"\mathbf{\Zeta}"
1D6C8,"\mathbf{\Eta}"
1D6C9,"\mathbf{\theta}"
1D6CA,"\mathbf{\Iota}"
1D6CB,"\mathbf{\Kappa}"
1D6CC,"\mathbf{\Lambda}"
1D6CF,"\mathbf{\Xi}"
1D6D1,"\mathbf{\Pi}"
1D6D2,"\mathbf{\Rho}"
1D6D3,"\mathbf{\varsigma}"
1D6D4,"\mathbf{\Sigma}"
1D6D5,"\mathbf{\Tau}"
1D6D6,"\mathbf{\Upsilon}"
1D6D7,"\mathbf{\Phi}"
1D6D8,"\mathbf{\Chi}"
1D6D9,"\mathbf{\Psi}"
1D6DA,"\mathbf{\Omega}"
1D6DB,"\partial"
1D6DC,"\in"
1D6DD,"\mathbf{\vartheta}"
1D6DE,"\mathbf{\varkappa}"
1D6DF,"\mathbf{\phi}"
1D6E0,"\mathbf{\varrho}"
1D6E1,"\mathbf{\varpi}"
1D6E2,"\mathsl{\Alpha}"
1D6E3,"\mathsl{\Beta}"
1D6E4,"\mathsl{\Gamma}"
1D6E5,"\mathsl{\Delta}"
1D6E6,"\mathsl{\Epsilon}"
1D6E7,"\mathsl{\Zeta}"
1D6E8,"\mathsl{\Eta}"
1D6E9,"\mathsl{\Theta}"
1D6EA,"\mathsl{\Iota}"
1D6EB,"\mathsl{\Kappa}"
1D6EC,"\mathsl{\Lambda}"
1D6EF,"\mathsl{\Xi}"
1D6F1,"\mathsl{\Pi}"
1D6F2,"\mathsl{\Rho}"
1D6F3,"\mathsl{\vartheta}"
1D6F4,"\mathsl{\Sigma}"
1D6F5,"\mathsl{\Tau}"
1D6F6,"\mathsl{\Upsilon}"
1D6F7,"\mathsl{\Phi}"
1D6F8,"\mathsl{\Chi}"
1D6F9,"\mathsl{\Psi}"
1D6FA,"\mathsl{\Omega}"
1D6FB,"\mathsl{\nabla}"
1D6FC,"\mathsl{\Alpha}"
1D6FD,"\mathsl{\Beta}"
1D6FE,"\mathsl{\Gamma}"
1D6FF,"\mathsl{\Delta}"
1D700,"\mathsl{\Epsilon}"
1D701,"\mathsl{\Zeta}"
1D702,"\mathsl{\Eta}"
1D703,"\mathsl{\Theta}"
1D704,"\mathsl{\Iota}"
1D705,"\mathsl{\Kappa}"
1D706,"\mathsl{\Lambda}"
1D709,"\mathsl{\Xi}"
1D70B,"\mathsl{\Pi}"
1D70C,"\mathsl{\Rho}"
1D70D,"\mathsl{\varsigma}"
1D70E,"\mathsl{\Sigma}"
1D70F,"\mathsl{\Tau}"
1D710,"\mathsl{\Upsilon}"
1D711,"\mathsl{\Phi}"
1D712,"\mathsl{\Chi}"
1D713,"\mathsl{\Psi}"
1D714,"\mathsl{\Omega}"
1D715,"\partial"
1D716,"\in"
1D717,"\mathsl{\vartheta}"
1D718,"\mathsl{\varkappa}"
1D719,"\mathsl{\phi}"
1D71A,"\mathsl{\varrho}"
1D71B,"\mathsl{\varpi}"
1D71C,"\mathbit{\Alpha}"
1D71D,"\mathbit{\Beta}"
1D71E,"\mathbit{\Gamma}"
1D71F,"\mathbit{\Delta}"
1D720,"\mathbit{\Epsilon}"
1D721,"\mathbit{\Zeta}"
1D722,"\mathbit{\Eta}"
1D723,"\mathbit{\Theta}"
1D724,"\mathbit{\Iota}"
1D725,"\mathbit{\Kappa}"
1D726,"\mathbit{\Lambda}"
1D729,"\mathbit{\Xi}"
1D72B,"\mathbit{\Pi}"
1D72C,"\mathbit{\Rho}"
1D72D,"\mathbit{O}"
1D72E,"\mathbit{\Sigma}"
1D72F,"\mathbit{\Tau}"
1D730,"\mathbit{\Upsilon}"
1D731,"\mathbit{\Phi}"
1D732,"\mathbit{\Chi}"
1D733,"\mathbit{\Psi}"
1D734,"\mathbit{\Omega}"
1D735,"\mathbit{\nabla}"
1D736,"\mathbit{\Alpha}"
1D737,"\mathbit{\Beta}"
1D738,"\mathbit{\Gamma}"
1D739,"\mathbit{\Delta}"
1D73A,"\mathbit{\Epsilon}"
1D73B,"\mathbit{\Zeta}"
1D73C,"\mathbit{\Eta}"
1D73D,"\mathbit{\Theta}"
1D73E,"\mathbit{\Iota}"
1D73F,"\mathbit{\Kappa}"
1D740,"\mathbit{\Lambda}"
1D743,"\mathbit{\Xi}"
1D745,"\mathbit{\Pi}"
1D746,"\mathbit{\Rho}"
1D747,"\mathbit{\varsigma}"
1D748,"\mathbit{\Sigma}"
1D749,"\mathbit{\Tau}"
1D74A,"\mathbit{\Upsilon}"
1D74B,"\mathbit{\Phi}"
1D74C,"\mathbit{\Chi}"
1D74D,"\mathbit{\Psi}"
1D74E,"\mathbit{\Omega}"
1D74F,"\partial"
1D750,"\in"
1D751,"\mathbit{\vartheta}"
1D752,"\mathbit{\varkappa}"
1D753,"\mathbit{\phi}"
1D754,"\mathbit{\varrho}"
1D755,"\mathbit{\varpi}"
1D756,"\mathsfbf{\Alpha}"
1D757,"\mathsfbf{\Beta}"
1D758,"\mathsfbf{\Gamma}"
1D759,"\mathsfbf{\Delta}"
1D75A,"\mathsfbf{\Epsilon}"
1D75B,"\mathsfbf{\Zeta}"
1D75C,"\mathsfbf{\Eta}"
1D75D,"\mathsfbf{\Theta}"
1D75E,"\mathsfbf{\Iota}"
1D75F,"\mathsfbf{\Kappa}"
1D760,"\mathsfbf{\Lambda}"
1D763,"\mathsfbf{\Xi}"
1D765,"\mathsfbf{\Pi}"
1D766,"\mathsfbf{\Rho}"
1D767,"\mathsfbf{\vartheta}"
1D768,"\mathsfbf{\Sigma}"
1D769,"\mathsfbf{\Tau}"
1D76A,"\mathsfbf{\Upsilon}"
1D76B,"\mathsfbf{\Phi}"
1D76C,"\mathsfbf{\Chi}"
1D76D,"\mathsfbf{\Psi}"
1D76E,"\mathsfbf{\Omega}"
1D76F,"\mathsfbf{\nabla}"
1D770,"\mathsfbf{\Alpha}"
1D771,"\mathsfbf{\Beta}"
1D772,"\mathsfbf{\Gamma}"
1D773,"\mathsfbf{\Delta}"
1D774,"\mathsfbf{\Epsilon}"
1D775,"\mathsfbf{\Zeta}"
1D776,"\mathsfbf{\Eta}"
1D777,"\mathsfbf{\Theta}"
1D778,"\mathsfbf{\Iota}"
1D779,"\mathsfbf{\Kappa}"
1D77A,"\mathsfbf{\Lambda}"
1D77D,"\mathsfbf{\Xi}"
1D77F,"\mathsfbf{\Pi}"
1D780,"\mathsfbf{\Rho}"
1D781,"\mathsfbf{\varsigma}"
1D782,"\mathsfbf{\Sigma}"
1D783,"\mathsfbf{\Tau}"
1D784,"\mathsfbf{\Upsilon}"
1D785,"\mathsfbf{\Phi}"
1D786,"\mathsfbf{\Chi}"
1D787,"\mathsfbf{\Psi}"
1D788,"\mathsfbf{\Omega}"
1D789,"\partial"
1D78A,"\in"
1D78B,"\mathsfbf{\vartheta}"
1D78C,"\mathsfbf{\varkappa}"
1D78D,"\mathsfbf{\phi}"
1D78E,"\mathsfbf{\varrho}"
1D78F,"\mathsfbf{\varpi}"
1D790,"\mathsfbfsl{\Alpha}"
1D791,"\mathsfbfsl{\Beta}"
1D792,"\mathsfbfsl{\Gamma}"
1D793,"\mathsfbfsl{\Delta}"
1D794,"\mathsfbfsl{\Epsilon}"
1D795,"\mathsfbfsl{\Zeta}"
1D796,"\mathsfbfsl{\Eta}"
1D797,"\mathsfbfsl{\vartheta}"
1D798,"\mathsfbfsl{\Iota}"
1D799,"\mathsfbfsl{\Kappa}"
1D79A,"\mathsfbfsl{\Lambda}"
1D79D,"\mathsfbfsl{\Xi}"
1D79F,"\mathsfbfsl{\Pi}"
1D7A0,"\mathsfbfsl{\Rho}"
1D7A1,"\mathsfbfsl{\vartheta}"
1D7A2,"\mathsfbfsl{\Sigma}"
1D7A3,"\mathsfbfsl{\Tau}"
1D7A4,"\mathsfbfsl{\Upsilon}"
1D7A5,"\mathsfbfsl{\Phi}"
1D7A6,"\mathsfbfsl{\Chi}"
1D7A7,"\mathsfbfsl{\Psi}"
1D7A8,"\mathsfbfsl{\Omega}"
1D7A9,"\mathsfbfsl{\nabla}"
1D7AA,"\mathsfbfsl{\Alpha}"
1D7AB,"\mathsfbfsl{\Beta}"
1D7AC,"\mathsfbfsl{\Gamma}"
1D7AD,"\mathsfbfsl{\Delta}"
1D7AE,"\mathsfbfsl{\Epsilon}"
1D7AF,"\mathsfbfsl{\Zeta}"
1D7B0,"\mathsfbfsl{\Eta}"
1D7B1,"\mathsfbfsl{\vartheta}"
1D7B2,"\mathsfbfsl{\Iota}"
1D7B3,"\mathsfbfsl{\Kappa}"
1D7B4,"\mathsfbfsl{\Lambda}"
1D7B7,"\mathsfbfsl{\Xi}"
1D7B9,"\mathsfbfsl{\Pi}"
1D7BA,"\mathsfbfsl{\Rho}"
1D7BB,"\mathsfbfsl{\varsigma}"
1D7BC,"\mathsfbfsl{\Sigma}"
1D7BD,"\mathsfbfsl{\Tau}"
1D7BE,"\mathsfbfsl{\Upsilon}"
1D7BF,"\mathsfbfsl{\Phi}"
1D7C0,"\mathsfbfsl{\Chi}"
1D7C1,"\mathsfbfsl{\Psi}"
1D7C2,"\mathsfbfsl{\Omega}"
1D7C3,"\partial"
1D7C4,"\in"
1D7C5,"\mathsfbfsl{\vartheta}"
1D7C6,"\mathsfbfsl{\varkappa}"
1D7C7,"\mathsfbfsl{\phi}"
1D7C8,"\mathsfbfsl{\varrho}"
1D7C9,"\mathsfbfsl{\varpi}"
1D7CE,"\mathbf{0}"
1D7CF,"\mathbf{1}"
1D7D0,"\mathbf{2}"
1D7D1,"\mathbf{3}"
1D7D2,"\mathbf{4}"
1D7D3,"\mathbf{5}"
1D7D4,"\mathbf{6}"
1D7D5,"\mathbf{7}"
1D7D6,"\mathbf{8}"
1D7D7,"\mathbf{9}"
1D7D8,"\mathbb{0}"
1D7D9,"\mathbb{1}"
1D7DA,"\mathbb{2}"
1D7DB,"\mathbb{3}"
1D7DC,"\mathbb{4}"
1D7DD,"\mathbb{5}"
1D7DE,"\mathbb{6}"
1D7DF,"\mathbb{7}"
1D7E0,"\mathbb{8}"
1D7E1,"\mathbb{9}"
1D7E2,"\mathsf{0}"
1D7E3,"\mathsf{1}"
1D7E4,"\mathsf{2}"
1D7E5,"\mathsf{3}"
1D7E6,"\mathsf{4}"
1D7E7,"\mathsf{5}"
1D7E8,"\mathsf{6}"
1D7E9,"\mathsf{7}"
1D7EA,"\mathsf{8}"
1D7EB,"\mathsf{9}"
1D7EC,"\mathsfbf{0}"
1D7ED,"\mathsfbf{1}"
1D7EE,"\mathsfbf{2}"
1D7EF,"\mathsfbf{3}"
1D7F0,"\mathsfbf{4}"
1D7F1,"\mathsfbf{5}"
1D7F2,"\mathsfbf{6}"
1D7F3,"\mathsfbf{7}"
1D7F4,"\mathsfbf{8}"
1D7F5,"\mathsfbf{9}"
1D7F6,"\mathtt{0}"
1D7F7,"\mathtt{1}"
1D7F8,"\mathtt{2}"
1D7F9,"\mathtt{3}"
1D7FA,"\mathtt{4}"
1D7FB,"\mathtt{5}"
1D7FC,"\mathtt{6}"
1D7FD,"\mathtt{7}"
1D7FE,"\mathtt{8}"
1D7FF,"\mathtt{9}"
